USE tuyendung_tts;

INSERT INTO TAIKHOAN (maTaiKhoan, email, matKhau, vaiTro, trangThai)
VALUES ('TK026', 'bao@gmail.com', '$2a$10$NZ8pEBur53jotJ7bPhme9unrwUPWwUSqDP6imiQEt5oLQZ.HySfFi', 'SINH_VIEN', 'HOAT_DONG');
-- Thêm dữ liệu vào bảng TAIKHOAN
INSERT INTO TAIKHOAN (maTaiKhoan, email, matKhau, vaiTro, trangThai)
VALUES ('TK001', 'admin@admin.com', '$2a$10$NZ8pEBur53jotJ7bPhme9unrwUPWwUSqDP6imiQEt5oLQZ.HySfFi', 'ADMIN', 'HOAT_DONG'),
       ('TK002', 'dhbachkhoa@gmail.com', '$2a$10$NZ8pEBur53jotJ7bPhme9unrwUPWwUSqDP6imiQEt5oLQZ.HySfFi', 'NHA_TRUONG', 'HOAT_DONG'),
       ('TK003', 'dhkinhtedanang@gmail.com', '$2a$10$NZ8pEBur53jotJ7bPhme9unrwUPWwUSqDP6imiQEt5oLQZ.HySfFi', 'NHA_TRUONG', 'KHONG_HOAT_DONG'),
       ('TK004', 'dhngonngu@gmail.com', '$2a$10$NZ8pEBur53jotJ7bPhme9unrwUPWwUSqDP6imiQEt5oLQZ.HySfFi', 'NHA_TRUONG', 'HOAT_DONG'),
       ('TK005', 'dhsupham@gmail.com', '$2a$10$NZ8pEBur53jotJ7bPhme9unrwUPWwUSqDP6imiQEt5oLQZ.HySfFi', 'NHA_TRUONG', 'HOAT_DONG'),
       ('TK006', 'dhspkythuat@gmail.com', '$2a$10$NZ8pEBur53jotJ7bPhme9unrwUPWwUSqDP6imiQEt5oLQZ.HySfFi', 'NHA_TRUONG', 'HOAT_DONG'),
       ('TK007', 'fpt_software@fpt.com.vn', '$2a$10$NZ8pEBur53jotJ7bPhme9unrwUPWwUSqDP6imiQEt5oLQZ.HySfFi', 'NHA_TUYEN_DUNG', 'HOAT_DONG'),
       ('TK008', 'misa@misa.com.vn', '$2a$10$NZ8pEBur53jotJ7bPhme9unrwUPWwUSqDP6imiQEt5oLQZ.HySfFi', 'NHA_TUYEN_DUNG', 'HOAT_DONG'),
       ('TK009', 'axon@axon.com.vn', '$2a$10$NZ8pEBur53jotJ7bPhme9unrwUPWwUSqDP6imiQEt5oLQZ.HySfFi', 'NHA_TUYEN_DUNG', 'HOAT_DONG'),
       ('TK010', 'enclave@enclave.vn', '$2a$10$NZ8pEBur53jotJ7bPhme9unrwUPWwUSqDP6imiQEt5oLQZ.HySfFi', 'NHA_TUYEN_DUNG', 'HOAT_DONG'),
       ('TK011', 'kms@kms-technology.com', '$2a$10$NZ8pEBur53jotJ7bPhme9unrwUPWwUSqDP6imiQEt5oLQZ.HySfFi', 'NHA_TUYEN_DUNG', 'HOAT_DONG'),
       ('TK012', 'neolab@neolab.vn', '$2a$10$NZ8pEBur53jotJ7bPhme9unrwUPWwUSqDP6imiQEt5oLQZ.HySfFi', 'NHA_TUYEN_DUNG', 'HOAT_DONG'),
       ('TK013', 'vnpt@vnpt.vn', '$2a$10$NZ8pEBur53jotJ7bPhme9unrwUPWwUSqDP6imiQEt5oLQZ.HySfFi', 'NHA_TUYEN_DUNG', 'HOAT_DONG'),
       ('TK014', 'viettel@viettel.com.vn', '$2a$10$NZ8pEBur53jotJ7bPhme9unrwUPWwUSqDP6imiQEt5oLQZ.HySfFi', 'NHA_TUYEN_DUNG', 'HOAT_DONG'),
       ('TK015', 'codegym@codegym.vn', '$2a$10$NZ8pEBur53jotJ7bPhme9unrwUPWwUSqDP6imiQEt5oLQZ.HySfFi', 'NHA_TUYEN_DUNG', 'HOAT_DONG'),
       ('TK016', 'nguyenvana@gmail.com', '$2a$10$NZ8pEBur53jotJ7bPhme9unrwUPWwUSqDP6imiQEt5oLQZ.HySfFi', 'SINH_VIEN', 'HOAT_DONG'),
       ('TK017', 'tranvanb@gmail.com', '$2a$10$NZ8pEBur53jotJ7bPhme9unrwUPWwUSqDP6imiQEt5oLQZ.HySfFi', 'SINH_VIEN', 'HOAT_DONG'),
       ('TK018', 'lethic@gmail.com', '$2a$10$NZ8pEBur53jotJ7bPhme9unrwUPWwUSqDP6imiQEt5oLQZ.HySfFi', 'SINH_VIEN', 'HOAT_DONG'),
       ('TK019', 'phamvand@gmail.com', '$2a$10$NZ8pEBur53jotJ7bPhme9unrwUPWwUSqDP6imiQEt5oLQZ.HySfFi', 'SINH_VIEN', 'HOAT_DONG'),
       ('TK020', 'hoangthie@gmail.com', '$2a$10$NZ8pEBur53jotJ7bPhme9unrwUPWwUSqDP6imiQEt5oLQZ.HySfFi', 'SINH_VIEN', 'HOAT_DONG'),
       ('TK021', 'nguyenvanf@gmail.com', '$2a$10$NZ8pEBur53jotJ7bPhme9unrwUPWwUSqDP6imiQEt5oLQZ.HySfFi', 'SINH_VIEN', 'HOAT_DONG'),
       ('TK022', 'tranthig@gmail.com', '$2a$10$NZ8pEBur53jotJ7bPhme9unrwUPWwUSqDP6imiQEt5oLQZ.HySfFi', 'SINH_VIEN', 'HOAT_DONG'),
       ('TK023', 'levanu@gmail.com', '$2a$10$NZ8pEBur53jotJ7bPhme9unrwUPWwUSqDP6imiQEt5oLQZ.HySfFi', 'SINH_VIEN', 'HOAT_DONG'),
       ('TK024', 'phamthit@gmail.com', '$2a$10$NZ8pEBur53jotJ7bPhme9unrwUPWwUSqDP6imiQEt5oLQZ.HySfFi', 'SINH_VIEN', 'HOAT_DONG'),
       ('TK025', 'huynhvanm@gmail.com', '$2a$10$NZ8pEBur53jotJ7bPhme9unrwUPWwUSqDP6imiQEt5oLQZ.HySfFi', 'SINH_VIEN', 'HOAT_DONG'),
       ('TK027', 'dhcntt@dut.udn.vn', '$2a$10$NZ8pEBur53jotJ7bPhme9unrwUPWwUSqDP6imiQEt5oLQZ.HySfFi', 'NHA_TRUONG', 'KHONG_HOAT_DONG'),
       ('TK028', 'sun@sunsoft.vn', '$2a$10$NZ8pEBur53jotJ7bPhme9unrwUPWwUSqDP6imiQEt5oLQZ.HySfFi', 'NHA_TUYEN_DUNG', 'KHONG_HOAT_DONG');


-- Thêm dữ liệu vào bảng NHATRUONG
INSERT INTO NHATRUONG (maNhaTruong, maTaiKhoan, tenTruong, diaChi, soDienThoai, maSoThue, bieuTuong, giayPhep)
VALUES ('NT001', 'TK002', 'Đại học Bách Khoa Đà Nẵng', '54 Nguyễn Lương Bằng, Phường Hòa Khánh Bắc, Quận Liên Chiểu', '0236111111',
        '11111111', 'bachkhoa.png', 'bk.pdf'),
       ('NT002', 'TK003', 'Đại học Kinh tế Đà Nẵng', '71 Nguyễn Văn Linh, Phường Khuê Mỹ, Quận Ngũ Hành Sơn', '0236222222', '22222222',
        'kinhte.png', 'kt.pdf'),
       ('NT003', 'TK004', 'Đại học Ngoại ngữ Đà Nẵng', '131 Lương Nhữ Hộc, Phường Khuê Trung, Quận Cẩm Lệ', '0236333333',
        '33333333', 'ngoaingu.png', 'nn.pdf'),
       ('NT004', 'TK005', 'Đại học Sư phạm Đà Nẵng', '459 Tôn Đức Thắng, Phường Hòa Khánh Nam, Quận Liên Chiểu', '0236444444', '44444444',
        'supham.png', 'sp.pdf'),
       ('NT005', 'TK006', 'Đại học Sư phạm Kỹ thuật Đà Nẵng', '48 Cao Thắng, Phường Thanh Bình, Quận Hải Châu', '0236555555',
        '55555555', 'spkythuat.png', 'spkt.pdf'),
       ('NT006', 'TK027', 'Đại học Công nghệ Thông tin và Truyền thông Việt - Hàn',
        '470 Trần Đại Nghĩa, Phường Hòa Quý, Quận Ngũ Hành Sơn', '0236666666', '66666666', 'viethan.png', 'vh.pdf');

-- Thêm dữ liệu vào bảng DOANHNGHIEP với địa chỉ chi tiết
INSERT INTO DOANHNGHIEP (
    maDoanhNghiep, maTaiKhoan, tenDoanhNghiep, moHinh, linhVuc,
    diaChi, soDienThoai, maSoThue, trangDoanhNghiep,
    anhDaiDien, moTa, phucLoi, giayPhep
) VALUES
      ('DN001', 'TK007', 'FPT Software Đà Nẵng', 'Công ty cổ phần', 'Công nghệ thông tin',
       'Tòa nhà FPT Complex, đường Nam Kỳ Khởi Nghĩa, Phường Hoà Hải, Quận Ngũ Hành Sơn', '0236666666', '66666666', 'fpt.com.vn',
       'fpt.png', 'Công ty phần mềm hàng đầu Việt Nam với hơn 20.000 nhân viên', 'Bảo hiểm, thưởng, đào tạo', 'fpt.pdf'),

      ('DN002', 'TK008', 'MISA Đà Nẵng', 'Công ty TNHH', 'Phần mềm kế toán',
       '162 Nguyễn Văn Linh, Phường Thạc Gián, Quận Thanh Khê', '0236777777', '77777777', 'misa.com.vn',
       'misa.png', 'Công ty chuyên về giải pháp phần mềm kế toán, ERP', 'Chế độ nghỉ mát, bảo hiểm', 'misa.pdf'),

      ('DN003', 'TK009', 'Axon Đà Nẵng', 'Công ty cổ phần', 'AI và Blockchain',
       '72 Lê Đình Lý, Phường Thạch Thang, Quận Hải Châu', '0236888888', '88888888', 'axon.com.vn',
       'axon.png', 'Công ty chuyên về công nghệ Blockchain, AI, và phát triển phần mềm', 'Thưởng dự án, đào tạo quốc tế', 'axon.pdf'),

      ('DN004', 'TK010', 'Enclave Đà Nẵng', 'Công ty TNHH', 'Phát triển ứng dụng',
       '295 Nguyễn Văn Linh, Phường Vĩnh Trung, Quận Thanh Khê', '0236999999', '99999999', 'enclave.vn',
       'enclave.png', 'Công ty phát triển ứng dụng di động và web', 'Lương thưởng hấp dẫn, môi trường trẻ', 'enclave.pdf'),

      ('DN005', 'TK011', 'KMS Technology Đà Nẵng', 'Công ty cổ phần', 'Kiểm thử phần mềm',
       '346 Đường 2/9, Phường Hòa Cường Bắc, Quận Hải Châu', '0236101010', '10101010', 'kms-technology.com',
       'kms.png', 'Công ty phát triển phần mềm và kiểm thử tự động', 'Bảo hiểm sức khỏe, lương 13 tháng', 'kms.pdf'),

      ('DN006', 'TK012', 'NeoLab Đà Nẵng', 'Công ty TNHH', 'IoT',
       '177 Trần Phú, Phường Phước Ninh, Quận Hải Châu', '0236112233', '11223344', 'neolab.vn',
       'neolab.png', 'Công ty chuyên về IoT và phát triển ứng dụng di động', 'Làm việc từ xa, lương thưởng cạnh tranh', 'neolab.pdf'),

      ('DN007', 'TK013', 'VNPT Đà Nẵng', 'Tổng công ty', 'Viễn thông',
       '344 Hoàng Diệu, Phường Bình Hiên, Quận Hải Châu', '0236445566', '44556677', 'vnpt.vn',
       'vnpt.png', 'Tập đoàn viễn thông hàng đầu Việt Nam', 'Chế độ nhà nước, môi trường ổn định', 'vnpt.pdf'),

      ('DN008', 'TK014', 'Viettel Đà Nẵng', 'Tập đoàn', 'Viễn thông & Quốc phòng',
       '484 Hoàng Diệu, Phường Bình Thuận, Quận Hải Châu', '0236778899', '77889900', 'viettel.com.vn',
       'viettel.png', 'Tập đoàn viễn thông và công nghệ quốc phòng', 'Phụ cấp quân đội, chế độ ưu đãi', 'viettel.pdf'),

      ('DN009', 'TK015', 'CodeGym Đà Nẵng', 'Công ty cổ phần', 'Đào tạo CNTT',
       '255 Nguyễn Văn Linh, Phường Xuân Hà, Quận Thanh Khê', '0236112299', '11229933', 'codegym.vn',
       'codegym.png', 'Trung tâm đào tạo lập trình viên chuyên nghiệp', 'Môi trường học tập, phát triển bản thân', 'codegym.pdf'),

      ('DN010', 'TK028', 'Sun* Đà Nẵng', 'Công ty TNHH', 'Gia công phần mềm',
       'Block B, Tòa nhà FHome, 16 Lý Thường Kiệt, Phường Thạch Thang, Quận Hải Châu',
       '02363888888', '55667788', 'sun-asterisk.vn',
       'sun.png', 'Công ty Nhật Bản chuyên phát triển phần mềm theo mô hình Agile', 'Đào tạo, mentor, môi trường trẻ', 'sun.pdf');

-- Thêm dữ liệu vào bảng SINHVIEN
INSERT INTO SINHVIEN (maSinhVien, maTaiKhoan, maNhaTruong, hoVaTen, ngaySinh, soDienThoai, gioiTinh, diaChi, khoa, lop,
                      chuyenNganh, CCCD, trangThai)
VALUES ('21115053120139', 'TK016', 'NT005', 'Nguyễn Văn A', '2003-05-10', '0901111111', 'NAM', '123 Nguyễn Tri Phương, Đà Nẵng',
        'Công nghệ số', '21T1', 'Công nghệ thông tin', '123456789001', 'DUNG'),
       ('21115053120211', 'TK017', 'NT005', 'Hoàng Mạnh Hà', '2003-06-15', '0902222222', 'NAM', '456 Lê Duẩn, Đà Nẵng',
        'Công nghệ số', '21T2', 'Công nghệ thông tin', '123456789002', 'DUNG'),
       ('21115053120321', 'TK018', 'NT005', 'Đào Mỹ Nga', '2003-07-20', '0903333333', 'NU', '789 Trần Cao Vân, Đà Nẵng',
        'Công nghệ số', '21T3', 'Công nghệ thông tin', '123456789003', 'DUNG'),
       ('2111514110105', 'TK019', 'NT005', 'Nguyễn An', '2003-08-25', '0904444444', 'NAM', '321 Trần Phú, Đà Nẵng', 'Sư phạm công nghiệp',
        '21SK1', 'Sư phạm kỹ thuật công nghiệp', '123456789004', 'DUNG'),
       ('21115053210112', 'TK020', 'NT005', 'Ngô Hải Yến', '2003-09-30', '0905555555', 'NU', '654 Hà Huy Tập, Đà Nẵng',
        'Công nghệ số', '21T1', 'Công nghệ thông tin', '123456789005', 'DUNG'),
       ('23115061122117', 'TK021', 'NT005', 'Nguyễn Đăng Nam', '2003-10-05', '0906666666', 'NAM', '987 Điện Biên Phủ, Đà Nẵng',
        'Kỹ thuật xây dựng', '21C1', 'Công nghệ kỹ thuật xây dựng', '123456789006', 'DUNG'),
       ('2111514110123', 'TK022', 'NT005', 'Nguyễn Như Thảo', '2003-11-10', '0907777777', 'NU', '159 Hùng Vương, Đà Nẵng',
        'Sư phạm công nghiệp', '21SK1', 'Sư phạm kỹ thuật công nghiệp', '123456789007', 'DUNG'),
       ('21115054122130', 'TK023', 'NT005', 'Nguyễn Phương Nam', '2003-12-15', '0908888888', 'NAM', '753 Lê Đình Lý, Đà Nẵng',
        'Điện - Điện tử', '21DT1', 'Công nghệ kỹ thuật điện', '123456789008', 'DUNG'),
       ('2111514110124', 'TK024', 'NT005', 'Nguyễn Thanh Hương', '2003-01-20', '0909999999', 'NU', '951 Ngô Quyền, Đà Nẵng',
        'Sư phạm công nghiệp', '21SK1', 'Sư phạm kỹ thuật công nghiệp', '123456789009', 'DUNG'),
       ('21115054122111', 'TK025', 'NT005', 'Trần Bảo Duy', '2003-02-25', '0900000000', 'NAM', '357 Quang Trung, Đà Nẵng', 'Điện - Điện tử',
        '21DT1', 'Công nghệ kỹ thuật điện', '123456789010', 'DUNG');

-- Thêm dữ liệu vào bảng DANHMUC
INSERT INTO DANHMUC (maDanhMuc, tenDanhMuc)
VALUES ('DM001', 'Công nghệ thông tin'),
       ('DM002', 'Kế toán - Kiểm toán'),
       ('DM003', 'Marketing - Truyền thông'),
       ('DM004', 'Kỹ thuật - Cơ khí'),
       ('DM005', 'Ngoại ngữ'),
       ('DM006', 'Nhân sự - Hành chính'),
       ('DM007', 'Bán hàng - Kinh doanh'),
       ('DM008', 'Tài chính - Ngân hàng'),
       ('DM009', 'Thiết kế - Đồ họa'),
       ('DM010', 'Du lịch - Nhà hàng - Khách sạn');

-- Thêm dữ liệu vào bảng KYNANG
INSERT INTO KYNANG (maKyNang, maDanhMuc, tenKyNang)
VALUES ('KN001', 'DM001', 'Lập trình Java'),
       ('KN002', 'DM001', 'Lập trình Python'),
       ('KN003', 'DM001', 'Lập trình C/C++'),
       ('KN004', 'DM001', 'Lập trình PHP'),
       ('KN005', 'DM001', 'Frontend (HTML, CSS, JavaScript)'),
       ('KN006', 'DM001', 'ReactJS'),
       ('KN007', 'DM001', 'NodeJS'),
       ('KN008', 'DM001', 'SQL Database'),
       ('KN009', 'DM001', 'NoSQL Database'),
       ('KN010', 'DM001', 'DevOps'),
       ('KN011', 'DM002', 'Kế toán tổng hợp'),
       ('KN012', 'DM002', 'Phân tích báo cáo tài chính'),
       ('KN013', 'DM003', 'Digital Marketing'),
       ('KN014', 'DM003', 'Content Marketing'),
       ('KN015', 'DM004', 'Vẽ kỹ thuật'),
       ('KN016', 'DM004', 'Thiết kế 3D'),
       ('KN017', 'DM005', 'Tiếng Anh giao tiếp'),
       ('KN018', 'DM005', 'Tiếng Nhật N3'),
       ('KN019', 'DM009', 'Photoshop'),
       ('KN020', 'DM009', 'Illustrator');

INSERT INTO BAIDANG (maBaiDang, maDoanhNghiep, maDanhMuc, tieuDe, diaChi, yeuCau, moTa, denHan, quyenLoi, loai, trangThai)
VALUES
    ('BD001', 'DN001', 'DM001', 'Thực tập sinh Java Developer', 'Tòa nhà FPT Complex, đường Nam Kỳ Khởi Nghĩa, Đà Nẵng', 'Có kiến thức cơ bản về Java; Spring Framework. GPA >= 3.0', 'Tham gia phát triển các dự án web application sử dụng Java Spring Boot', '2025-07-30 23:59:59', 'Trợ cấp 3-5 triệu/tháng; được mentor 1-1; cơ hội full-time', 'TOAN_THOI_GIAN', 'CON_HAN'),

    ('BD002', 'DN001', 'DM001', 'Thực tập sinh Frontend Developer', 'Tòa nhà FPT Complex, đường Nam Kỳ Khởi Nghĩa, Đà Nẵng', 'Thành thạo HTML, CSS, JavaScript; Biết ReactJS là lợi thế', 'Phát triển giao diện người dùng cho các ứng dụng web hiện đại', '2025-08-15 23:59:59', 'Trợ cấp 2-4 triệu/tháng; đào tạo công nghệ mới', 'TOAN_THOI_GIAN', 'CON_HAN'),

    ('BD003', 'DN002', 'DM002', 'Thực tập sinh Kế toán', '162 Nguyễn Văn Linh, Phường Thạc Gián, Đà Nẵng', 'Sinh viên năm 3-4 ngành Kế toán; Thành thạo Excel', 'Hỗ trợ công việc kế toán tổng hợp, lập báo cáo tài chính', '2025-06-30 23:59:59', 'Trợ cấp 2-3 triệu/tháng; học hỏi từ kế toán trưởng', 'BAN_THOI_GIAN', 'CON_HAN'),

    ('BD004', 'DN003', 'DM001', 'Thực tập sinh AI/ML Engineer', '72 Lê Đình Lý, Phường Thạch Thang, Đà Nẵng', 'Kiến thức Python; Machine Learning cơ bản; Biết TensorFlow/PyTorch', 'Nghiên cứu và phát triển các mô hình AI cho sản phẩm công ty', '2025-09-01 23:59:59', 'Trợ cấp 4-6 triệu/tháng; tham gia dự án thực tế', 'TOAN_THOI_GIAN', 'CON_HAN'),

    ('BD005', 'DN004', 'DM001', 'Thực tập sinh Mobile Developer', '295 Nguyễn Văn Linh, Phường Vĩnh Trung, Đà Nẵng', 'Có kinh nghiệm React Native hoặc Flutter; Biết Git', 'Phát triển ứng dụng di động cho iOS và Android', '2025-07-15 23:59:59', 'Trợ cấp 3-5 triệu/tháng; môi trường startup năng động', 'TOAN_THOI_GIAN', 'CON_HAN'),

    ('BD006', 'DN005', 'DM001', 'Thực tập sinh QA Tester', '346 Đường 2/9, Phường Hòa Cường Bắc, Đà Nẵng', 'Tỉ mỉ, cẩn thận; Có hiểu biết về quy trình test', 'Thực hiện test manual và automation cho các sản phẩm phần mềm', '2025-08-31 23:59:59', 'Trợ cấp 2-4 triệu/tháng; đào tạo automation testing', 'BAN_THOI_GIAN', 'CON_HAN'),

    ('BD007', 'DN006', 'DM001', 'Thực tập sinh IoT Developer', '177 Trần Phú, Phường Phước Ninh, Đà Nẵng', 'Kiến thức về Arduino, Raspberry Pi; Biết C/C++', 'Phát triển các giải pháp IoT cho smart home, smart city', '2025-06-15 23:59:59', 'Trợ cấp 3-4 triệu/tháng; làm việc với thiết bị hiện đại', 'TOAN_THOI_GIAN', 'CON_HAN'),

    ('BD008', 'DN007', 'DM001', 'Thực tập sinh Network Engineer', '344 Hoàng Diệu, Phường Bình Hiên, Đà Nẵng', 'Kiến thức mạng máy tính; CCNA là lợi thế', 'Hỗ trợ vận hành hệ thống mạng viễn thông', '2025-07-31 23:59:59', 'Trợ cấp 3-5 triệu/tháng; chế độ nhà nước', 'TOAN_THOI_GIAN', 'CON_HAN'),

    ('BD009', 'DN008', 'DM001', 'Thực tập sinh Cybersecurity', '484 Hoàng Diệu, Phường Bình Thuận, Đà Nẵng', 'Hiểu biết về bảo mật thông tin, ethical hacking', 'Tham gia đội ngũ bảo mật, phân tích lỗ hổng bảo mật', '2025-08-15 23:59:59', 'Trợ cấp 4-6 triệu/tháng; đào tạo chuyên sâu', 'TOAN_THOI_GIAN', 'CON_HAN'),

    ('BD010', 'DN009', 'DM001', 'Thực tập sinh Giảng viên CNTT', '255 Nguyễn Văn Linh, Phường Xuân Hà, Đà Nẵng', 'Kỹ năng thuyết trình tốt; kiến thức lập trình vững', 'Hỗ trợ giảng dạy các khóa học lập trình', '2025-09-30 23:59:59', 'Trợ cấp 2-3 triệu/tháng; kinh nghiệm giảng dạy', 'BAN_THOI_GIAN', 'CON_HAN'),

    ('BD011', 'DN002', 'DM003', 'Thực tập sinh Marketing Digital', '162 Nguyễn Văn Linh, Phường Thạc Gián, Đà Nẵng', 'Hiểu biết về Facebook Ads, Google Ads; Biết Photoshop', 'Triển khai các chiến dịch marketing online cho sản phẩm', '2025-07-01 23:59:59', 'Trợ cấp 2-4 triệu/tháng; học marketing thực chiến', 'BAN_THOI_GIAN', 'CON_HAN'),

    ('BD012', 'DN003', 'DM001', 'Thực tập sinh Blockchain Developer', '72 Lê Đình Lý, Phường Thạch Thang, Đà Nẵng', 'Kiến thức về Blockchain, Smart Contract; Biết Solidity', 'Phát triển ứng dụng phi tập trung (DApp) trên Ethereum', '2025-08-30 23:59:59', 'Trợ cấp 5-7 triệu/tháng; công nghệ tiên tiến', 'TOAN_THOI_GIAN', 'CON_HAN'),

    ('BD013', 'DN004', 'DM009', 'Thực tập sinh UI/UX Designer', '295 Nguyễn Văn Linh, Phường Vĩnh Trung, Đà Nẵng', 'Thành thạo Figma, Adobe XD; Có portfolio design', 'Thiết kế giao diện và trải nghiệm người dùng cho app', '2025-06-20 23:59:59', 'Trợ cấp 2-4 triệu/tháng; mentor design senior', 'BAN_THOI_GIAN', 'CON_HAN'),

    ('BD014', 'DN005', 'DM001', 'Thực tập sinh DevOps Engineer', '346 Đường 2/9, Phường Hòa Cường Bắc, Đà Nẵng', 'Kiến thức Linux, Docker, CI/CD; Biết AWS là lợi thế', 'Xây dựng và duy trì hệ thống CI/CD, cloud infrastructure', '2025-09-15 23:59:59', 'Trợ cấp 4-6 triệu/tháng; công nghệ cloud', 'TOAN_THOI_GIAN', 'CON_HAN'),

    ('BD015', 'DN006', 'DM004', 'Thực tập sinh Embedded Engineer', '177 Trần Phú, Phường Phước Ninh, Đà Nẵng', 'Kiến thức vi điều khiển, lập trình C; Biết PCB design', 'Phát triển firmware cho các thiết bị IoT', '2025-07-20 23:59:59', 'Trợ cấp 3-5 triệu/tháng; làm việc với hardware', 'TOAN_THOI_GIAN', 'CON_HAN'),

    ('BD016', 'DN007', 'DM006', 'Thực tập sinh Nhân sự', '344 Hoàng Diệu, Phường Bình Hiên, Đà Nẵng', 'Kỹ năng giao tiếp tốt; sử dụng thành thạo MS Office', 'Hỗ trợ tuyển dụng, đào tạo và quản lý nhân sự', '2025-08-10 23:59:59', 'Trợ cấp 2-3 triệu/tháng; kinh nghiệm HR', 'BAN_THOI_GIAN', 'CON_HAN'),

    ('BD017', 'DN008', 'DM008', 'Thực tập sinh Phân tích tài chính', '484 Hoàng Diệu, Phường Bình Thuận, Đà Nẵng', 'Kiến thức tài chính; thành thạo Excel; PowerBI', 'Phân tích báo cáo tài chính, đánh giá hiệu quả đầu tư', '2025-07-25 23:59:59', 'Trợ cấp 3-4 triệu/tháng; chế độ tập đoàn', 'BAN_THOI_GIAN', 'CON_HAN'),

    ('BD018', 'DN009', 'DM003', 'Thực tập sinh Content Creator', '255 Nguyễn Văn Linh, Phường Xuân Hà, Đà Nẵng', 'Kỹ năng viết lách tốt; biết làm video; Sáng tạo', 'Tạo nội dung cho website, social media của trung tâm', '2025-06-30 23:59:59', 'Trợ cấp 2-3 triệu/tháng; phát triển kỹ năng content', 'BAN_THOI_GIAN', 'CON_HAN'),

    ('BD019', 'DN001', 'DM001', 'Thực tập sinh Data Analyst', 'Tòa nhà FPT Complex, đường Nam Kỳ Khởi Nghĩa, Đà Nẵng', 'Kiến thức SQL, Python, Excel; Biết Tableau/PowerBI', 'Phân tích dữ liệu business, tạo dashboard báo cáo', '2025-08-20 23:59:59', 'Trợ cấp 3-5 triệu/tháng; làm việc với big data', 'TOAN_THOI_GIAN', 'CON_HAN'),

    ('BD020', 'DN002', 'DM007', 'Thực tập sinh Kinh doanh B2B', '162 Nguyễn Văn Linh, Phường Thạc Gián, Đà Nẵng', 'Kỹ năng giao tiếp, thuyết phục tốt; Ham học hỏi', 'Hỗ trợ team sales trong việc chăm sóc khách hàng doanh nghiệp', '2025-09-10 23:59:59', 'Trợ cấp 2-4 triệu/tháng; hoa hồng', 'BAN_THOI_GIAN', 'CON_HAN');

-- Thêm dữ liệu vào bảng KYNANG_BAIDANG (20 liên kết kỹ năng - bài đăng)
INSERT INTO KYNANG_BAIDANG (maKyNang, maBaiDang)
VALUES
    ('KN001', 'BD001'), ('KN008', 'BD001'),
    ('KN005', 'BD002'), ('KN006', 'BD002'),
    ('KN011', 'BD003'), ('KN012', 'BD003'),
    ('KN002', 'BD004'), ('KN008', 'BD004'),
    ('KN005', 'BD005'), ('KN006', 'BD005'),
    ('KN008', 'BD006'), ('KN010', 'BD006'),
    ('KN003', 'BD007'), ('KN008', 'BD007'),
    ('KN008', 'BD008'), ('KN010', 'BD008'),
    ('KN008', 'BD009'), ('KN010', 'BD009'),
    ('KN001', 'BD010'), ('KN002', 'BD010'),
    ('KN013', 'BD011'), ('KN019', 'BD011'),
    ('KN001', 'BD012'), ('KN008', 'BD012'),
    ('KN019', 'BD013'), ('KN020', 'BD013'),
    ('KN010', 'BD014'), ('KN008', 'BD014'),
    ('KN003', 'BD015'), ('KN015', 'BD015'),
    ('KN017', 'BD016'), ('KN011', 'BD016'),
    ('KN012', 'BD017'), ('KN008', 'BD017'),
    ('KN014', 'BD018'), ('KN019', 'BD018'),
    ('KN002', 'BD019'), ('KN008', 'BD019'),
    ('KN013', 'BD020'), ('KN014', 'BD020');

-- Thêm dữ liệu vào bảng SINHVIEN_BAIDANG (20 đơn ứng tuyển)
INSERT INTO SINHVIEN_BAIDANG (maSVBD, maSinhVien, maBaiDang, soYeuLyLich, ketQua)
VALUES
    ('SVBD001', '21115053120139', 'BD001', 'nguyen_van_a_cv.pdf', 'THONG_QUA'),
    ('SVBD002', '21115053120139', 'BD002', 'nguyen_van_a_cv.pdf', 'DANG_CHO'),
    ('SVBD003', '21115053120321', 'BD019', 'dao_my_nga_cv.pdf', 'CHO_PHONG_VAN'),
    ('SVBD004', '21115053120211', 'BD001', 'hoang_manh_ha_cv.pdf', 'DANG_CHO'),
    ('SVBD005', '21115053120211', 'BD002', 'hoang_manh_ha_cv.pdf', 'THONG_QUA'),
    ('SVBD006', '21115053210112', 'BD019', 'ngo_hai_yen_cv.pdf', 'DANG_CHO'),
    ('SVBD007', '2111514110105', 'BD001', 'nguyen_an_cv.pdf', 'CHO_PHONG_VAN'),
    ('SVBD008', '21115053120321', 'BD002', 'dao_my_nga_cv.pdf', 'DANG_CHO'),
    ('SVBD009', '2111514110124', 'BD019', 'nguyen_thanh_huong_cv.pdf', 'THONG_QUA'),
    ('SVBD010', '23115061122117', 'BD001', 'nguyen_dang_nam_cv.pdf', 'DANG_CHO'),
    ('SVBD011', '2111514110105', 'BD002', 'nguyen_an_cv.pdf', 'TU_CHOI'),
    ('SVBD012', '21115054122111', 'BD019', 'tran_bao_duy_cv.pdf', 'CHO_PHONG_VAN'),
    ('SVBD013', '21115054122130', 'BD001', 'nguyen_phuong_nam_cv.pdf', 'DANG_CHO'),
    ('SVBD014', '21115053210112', 'BD002', 'ngo_hai_yen_cv.pdf', 'THONG_QUA'),
    ('SVBD015', '21115054122130', 'BD019', 'nguyen_phuong_nam_cv.pdf', 'DANG_CHO'),
    ('SVBD016', '2111514110123', 'BD001', 'nguyen_nhu_thao_cv.pdf', 'CHO_PHONG_VAN'),
    ('SVBD017', '2111514110123', 'BD019', 'nguyen_nhu_thao_cv.pdf', 'DANG_CHO'),
    ('SVBD018', '23115061122117', 'BD002', 'nguyen_dang_nam_cv.pdf', 'TU_CHOI'),
    ('SVBD019', '21115054122111', 'BD001', 'tran_bao_duy_cv.pdf', 'DANG_CHO'),
    ('SVBD020', '2111514110124', 'BD002', 'nguyen_thanh_huong_cv.pdf', 'CHO_PHONG_VAN');

-- Thêm dữ liệu vào bảng LICHPHONGVAN (20 lịch phỏng vấn)
INSERT INTO LICHPHONGVAN (maLichPhongVan, maSinhVien, maDoanhNghiep, maSVBD, viTriPhongVan, ngayPhongVan, diaDiem, hinhThucPhongVan, trangThai, soYeuLyLich, hanXacNhan)
VALUES
    ('LPV001', '21115053120139', 'DN001', 'SVBD001', 'Thực tập sinh Java Developer', '2025-06-16 19:00:00', 'Phòng họp A1, Tòa nhà FPT Complex', 'TRUC_TIEP', 'HOAN_THANH', 'nguyen_van_a_cv.pdf', '2025-06-03 17:00:00'),
    ('LPV003', '21115053120321', 'DN001', 'SVBD003', 'Thực tập sinh Data Analyst', '2025-06-30 13:30:00', 'Phòng họp A1, Tòa nhà FPT Complex', 'TRUC_TIEP', 'DONG_Y', 'dao_my_nga_cv.pdf', '2025-06-05 17:00:00'),
    ('LPV005', '21115053120211', 'DN001', 'SVBD005', 'Thực tập sinh Fronend Developer', '2025-06-10 14:30:00', 'Phòng họp A1, Tòa nhà FPT Complex', 'TRUC_TIEP', 'HOAN_THANH', 'hoang_manh_ha_cv.pdf', '2025-06-08 17:00:00'),
    ('LPV007', '2111514110105', 'DN001', 'SVBD007', 'Thực tập sinh Java Developer', '2025-06-30 14:00:00', 'Phòng họp A1, Tòa nhà FPT Complex', 'TRUC_TIEP', 'DONG_Y', 'nguyen_an_cv.pdf', '2025-06-11 17:00:00'),
    ('LPV009', '2111514110124', 'DN001', 'SVBD009', 'Thực tập sinh Data Analyst', '2025-06-15 09:30:00', 'https://meet.google.com/cju-waez-rar', 'TRUC_TUYEN', 'HOAN_THANH', 'nguyen_thanh_huong_cv.pdf', '2025-06-13 17:00:00'),
    ('LPV011', '2111514110105', 'DN001', 'SVBD011', 'Thực tập sinh Fronend Developer', '2025-06-17 13:30:00', 'Phòng họp B2, FPT Complex', 'TRUC_TIEP', 'HOAN_THANH', 'nguyen_an_cv.pdf', '2025-06-15 17:00:00'),
    ('LPV012', '21115054122111', 'DN001', 'SVBD012', 'Thực tập sinh Data Analyst', '2025-06-30 15:30:00', 'https://meet.google.com/cju-waez-rar', 'TRUC_TUYEN', 'DONG_Y', 'tran_bao_duy_cv.pdf', '2025-06-16 17:00:00'),
    ('LPV014', '21115053210112', 'DN001', 'SVBD014', 'Thực tập sinh Fronend Developer', '2025-06-20 11:45:00', 'Phòng họp B2, FPT Complex', 'TRUC_TIEP', 'HOAN_THANH', 'ngo_hai_yen_cv.pdf', '2025-06-18 17:00:00'),
    ('LPV016', '2111514110123', 'DN001', 'SVBD016', 'Thực tập sinh Java Developer', '2025-06-30 12:45:00', 'https://meet.google.com/cju-waez-rar', 'TRUC_TUYEN', 'DONG_Y', 'nguyen_nhu_thao_cv.pdf', '2025-06-20 17:00:00'),
    ('LPV018', '23115061122117', 'DN001', 'SVBD018', 'Thực tập sinh Fronend Developer', '2025-06-24 13:00:00', 'Phòng họp A1, Tòa nhà FPT Complex', 'TRUC_TIEP', 'HOAN_THANH', 'nguyen_dang_nam_cv.pdf', '2025-06-22 17:00:00'),
    ('LPV020', '2111514110124', 'DN001', 'SVBD020', 'Thực tập sinh Fronend Developer', '2025-06-30 15:00:00', 'https://meet.google.com/cju-waez-rar', 'TRUC_TUYEN', 'DONG_Y', 'nguyen_thanh_huong_cv.pdf', '2025-06-24 17:00:00');

-- Thêm dữ liệu vào bảng LOIMOITHUCTAP
INSERT INTO LOIMOITHUCTAP (maLMTT, maSinhVien, maDoanhNghiep, viTriThucTap, maBaiDang, tuNgay, denNgay, diaChi, loaiThucTap, quyenLoi, trangThai, hanXacNhan)
VALUES
    ('LMTT001', '21115053120139', 'DN001', 'Thực tập sinh Java Developer', 'BD001', '2025-07-01', '2025-09-30', 'Tòa nhà FPT Complex, đường Nam Kỳ Khởi Nghĩa, Đà Nẵng', 'TOAN_THOI_GIAN', 'Trợ cấp 4 triệu/tháng, mentor 1-1, cơ hội full-time sau thực tập', 'CHAP_NHAN', '2025-06-15 17:00:00'),

    ('LMTT002', '21115053120211', 'DN001', 'Thực tập sinh Fronend Developer', 'BD003', '2025-07-15', '2025-10-15', '162 Nguyễn Văn Linh, Phường Thạc Gián, Đà Nẵng', 'BAN_THOI_GIAN', 'Trợ cấp 2.5 triệu/tháng, học hỏi thực tế kế toán doanh nghiệp', 'CHAP_NHAN', '2025-06-20 17:00:00'),

    ('LMTT003', '2111514110124', 'DN001', 'Thực tập sinh Data Analyst', 'BD016', '2025-06-20', '2025-08-20', '344 Hoàng Diệu, Phường Bình Hiên, Đà Nẵng', 'BAN_THOI_GIAN', 'Trợ cấp 2.8 triệu/tháng, chế độ nhà nước, kinh nghiệm HR', 'CHAP_NHAN', '2025-06-18 17:00:00'),

    ('LMTT004', '2111514110105', 'DN001', 'Thực tập sinh Fronend Developer', 'BD007', '2025-08-01', '2025-11-30', '177 Trần Phú, Phường Phước Ninh, Đà Nẵng', 'TOAN_THOI_GIAN', 'Trợ cấp 3.5 triệu/tháng, làm việc với thiết bị IoT hiện đại', 'TU_CHOI', '2025-07-15 17:00:00'),

    ('LMTT005', '21115053210112', 'DN001', 'Thực tập sinh Fronend Developer', 'BD009', '2025-07-01', '2025-12-31', '484 Hoàng Diệu, Phường Bình Thuận, Đà Nẵng', 'TOAN_THOI_GIAN', 'Trợ cấp 5 triệu/tháng, đào tạo chuyên sâu bảo mật', 'CHAP_NHAN', '2025-06-25 17:00:00'),

    ('LMTT006', '23115061122117', 'DN001', 'Thực tập sinh Fronend Developer', 'BD010', '2025-06-15', '2025-12-15', '255 Nguyễn Văn Linh, Phường Xuân Hà, Đà Nẵng', 'BAN_THOI_GIAN', 'Trợ cấp 2.5 triệu/tháng, kinh nghiệm giảng dạy quý giá', 'TU_CHOI', '2025-06-10 17:00:00');
